RSC,PI,KR,MH,Na,SAR,SSP,EC,IWQI,USABLE
0.12,59.2,0.5,39.8,33.6,1.8,33.3,1045.0,63.37976190476191,1.0
-0.21,58.9,0.3,54.8,25.6,1.0,25.1,645.0,50.33730158730158,1.0
-1.28,72.2,1.2,35.0,53.8,3.5,53.7,998.0,68.14424603174604,1.0
-0.2,55.2,0.5,25.2,34.7,2.3,34.4,1516.0,64.6314484126984,1.0
-0.33,62.5,0.4,43.8,31.1,1.3,30.8,658.0,51.43224206349207,1.0
0.43,66.0,0.6,52.0,38.2,2.0,37.8,875.0,71.4454365079365,1.0
-2.64,63.6,0.9,42.0,47.7,3.1,47.6,1153.0,51.1328373015873,1.0
0.68,69.6,0.6,32.6,36.2,1.6,35.9,676.0,65.04384920634921,1.0
-0.48,58.7,0.4,37.9,30.7,1.4,30.3,817.0,50.24811507936508,1.0
0.04,60.9,0.5,48.4,32.5,1.6,31.9,848.0,60.91736111111111,1.0
0.27,66.7,0.6,53.0,37.7,1.8,37.1,786.0,68.26696428571428,1.0
0.32,58.4,0.5,31.8,33.2,1.9,32.8,1098.0,63.939682539682536,1.0
-0.61,52.0,0.2,57.0,17.4,0.6,17.0,613.0,39.42321428571429,0.0
0.43,65.7,0.6,44.0,35.7,1.7,35.4,788.0,66.35228174603175,1.0
-0.08,57.5,0.3,33.0,24.8,1.0,24.4,698.0,46.39563492063492,0.0
-0.08,65.1,0.6,36.5,37.5,1.9,37.1,815.0,60.84652777777778,1.0
1.07,82.9,1.1,37.2,52.8,2.8,52.5,706.0,87.30634920634921,1.0
0.2,73.3,0.4,29.0,29.4,1.0,29.1,402.0,49.529563492063495,0.0
0.16,71.8,0.5,21.1,31.8,1.1,31.5,458.0,50.07281746031745,1.0
0.24,75.4,0.6,21.6,38.2,1.5,37.8,494.0,56.926785714285714,1.0
-1.84,63.7,0.8,33.1,45.3,2.9,45.1,1143.0,54.41180555555556,1.0
0.24,73.8,0.4,25.7,30.9,1.0,30.5,417.0,50.26259920634921,1.0
-0.08,72.9,1.0,36.4,50.0,3.0,49.8,962.0,75.84285714285714,1.0
0.12,66.4,0.3,27.2,23.0,0.8,22.7,434.0,43.00853174603175,0.0
-0.08,61.6,0.4,36.9,30.2,1.3,29.8,707.0,52.331944444444446,1.0
-0.52,66.2,0.5,19.8,31.5,1.2,31.2,490.0,42.38184523809523,0.0
-0.59,61.2,0.4,22.6,26.2,1.0,26.0,518.0,38.02718253968254,0.0
0.03,78.4,1.1,36.0,51.4,2.7,51.3,693.0,74.77916666666667,1.0
-1.68,65.9,0.9,45.5,48.1,3.2,47.9,1190.0,62.90466269841271,1.0
0.24,74.8,0.4,25.8,29.8,1.0,29.4,390.0,49.39742063492063,0.0
-22.22,50.2,0.8,62.0,45.9,6.1,46.1,8927.0,-12.180853174603158,0.0
-76.22,28.3,0.4,42.2,26.2,4.4,26.4,18527.0,-416.6367063492064,0.0
-6.17,67.6,1.5,37.7,59.7,6.5,60.5,4391.0,83.7749007936508,1.0
-3.13,73.9,1.7,52.5,63.6,6.2,63.9,3309.0,104.4936507936508,1.0
-7.13,58.1,1.0,56.6,50.7,4.1,52.1,3131.0,45.457638888888894,0.0
-1.25,82.3,2.1,58.9,68.3,5.0,69.6,2036.0,110.57073412698412,1.0
-6.75,53.4,0.8,53.2,44.4,3.2,45.2,2291.0,27.582936507936505,0.0
-5.84,59.9,1.0,40.1,50.6,4.0,51.4,3041.0,52.77837301587302,1.0
-1.2,83.9,2.4,45.1,71.6,6.5,73.3,4335.0,151.72103174603174,1.0
-36.19,25.1,0.3,49.3,21.1,2.4,21.1,10220.0,-158.72410714285715,0.0
0.98,81.8,1.7,63.1,62.8,5.1,63.6,2036.0,127.34880952380954,1.0
-1.46,65.4,1.0,52.2,50.6,4.3,51.3,5498.0,141.7188492063492,1.0
-35.23,24.8,0.2,60.8,20.2,2.2,20.3,9596.0,-158.15615079365074,0.0
-40.98,21.0,0.2,57.1,16.3,1.9,16.3,8273.0,-241.73680555555558,0.0
-1.44,55.3,0.3,45.9,25.4,0.8,26.3,924.0,39.918055555555554,0.0
-13.85,17.4,0.1,46.3,6.2,0.3,6.2,433.0,-112.0720238095238,0.0
-4.96,49.7,0.5,61.7,35.2,2.3,35.8,3411.0,57.263888888888886,1.0
-69.18,34.1,0.5,58.9,32.4,5.6,32.6,20084.0,-309.9218253968255,0.0
2.12,83.8,1.6,51.2,62.4,4.8,64.0,3424.0,158.19761904761904,1.0
3.66,81.9,0.6,47.0,37.9,1.5,39.3,2110.0,125.85208333333334,1.0
-1.19,43.6,0.1,37.8,14.3,0.5,14.6,1438.0,38.601686507936506,0.0
-41.76,20.5,0.2,57.9,16.2,1.8,16.4,11098.0,-202.41845238095235,0.0
-29.87,22.8,0.2,50.0,17.1,1.7,17.2,6644.0,-158.90426587301585,0.0
-15.9,30.1,0.3,54.4,22.2,1.7,22.5,7000.0,-7.115277777777791,0.0
2.78,71.9,0.2,46.2,24.2,0.7,25.7,839.0,82.31289682539682,1.0
1.8,74.5,0.6,59.3,38.6,1.6,40.3,3649.0,135.19384920634923,1.0
-11.02,23.6,0.1,42.8,10.3,0.6,10.4,2838.0,-40.91696428571427,0.0
-17.16,30.8,0.3,59.4,22.2,1.9,22.5,6325.0,-29.45138888888887,0.0
2.13,72.0,0.3,48.2,21.4,0.7,21.5,659.0,72.2390873015873,1.0
-7.7,48.7,0.6,44.8,37.5,3.2,37.9,5930.0,70.14573412698412,1.0
-3.23,46.2,0.3,38.7,26.5,1.4,27.0,3653.0,65.01180555555555,1.0
-2.41,47.4,0.3,44.2,25.3,1.3,25.7,3258.0,67.4483134920635,1.0
-42.02,19.3,0.2,54.8,14.6,1.6,14.7,6347.0,-286.2549603174603,0.0
-12.32,28.8,0.2,46.3,17.4,1.2,17.6,3603.0,-34.09464285714285,0.0
-2.3,71.8,1.4,44.0,59.8,5.7,61.5,8553.0,193.05892857142857,1.0
-9.66,43.4,0.5,44.0,32.7,2.7,33.2,5256.0,34.31041666666667,0.0
0.14,57.4,0.3,49.6,27.4,1.2,28.2,3309.0,98.14583333333333,1.0
1.9,79.1,1.3,45.2,57.3,4.2,58.5,3182.0,143.73958333333334,1.0
-8.99,50.3,0.7,55.3,40.7,4.5,41.3,8324.0,103.64255952380951,1.0
0.78,74.3,1.2,43.6,54.8,4.1,56.1,3322.0,131.33174603174604,1.0
-2.72,60.8,0.8,52.5,46.0,3.5,46.9,5956.0,131.24603174603175,1.0
-0.12,75.1,1.1,41.5,54.0,3.4,55.5,3093.0,116.41349206349207,1.0
-2.18,59.2,0.6,45.4,39.2,2.0,40.4,2187.0,65.31031746031745,1.0
-19.68,34.7,0.4,54.9,27.2,2.7,27.5,7069.0,-38.47857142857143,0.0
-11.91,39.5,0.4,52.9,29.7,2.5,30.1,5880.0,21.05426587301588,0.0
1.46,62.7,0.7,59.0,43.0,3.1,43.9,5778.0,169.2450396825397,1.0
-13.66,28.0,0.2,53.4,17.0,1.3,17.2,4306.0,-34.30138888888894,0.0
-32.49,24.5,0.2,60.4,19.1,1.9,19.4,8881.0,-143.6034722222222,0.0
-14.26,39.9,0.4,57.6,31.4,2.8,31.8,7216.0,22.23194444444448,0.0
-13.05,36.6,0.4,54.1,27.6,2.2,27.9,6268.0,14.488492063492032,0.0
-0.8,39.6,0.0,28.6,3.8,0.1,3.8,672.0,19.628373015873017,0.0
-0.5,42.4,0.0,30.4,3.5,0.1,3.5,587.0,21.99295634920635,0.0
-0.4,44.3,0.0,26.9,3.7,0.1,3.7,553.0,22.003075396825395,0.0
-1.1,45.2,0.1,23.8,5.6,0.2,5.6,457.0,14.76031746031746,0.0
-0.5,48.5,0.2,25.0,15.4,0.6,15.4,715.0,32.573214285714286,0.0
-0.2,51.2,0.2,23.1,14.3,0.5,14.3,617.0,33.258829365079364,0.0
-0.6,45.8,0.0,37.0,4.2,0.1,4.2,493.0,22.07718253968254,0.0
-1.0,42.2,0.1,45.3,5.0,0.2,5.0,570.0,22.14543650793651,0.0
-1.0,40.4,0.1,25.0,5.1,0.2,5.1,644.0,18.03859126984127,0.0
-0.5,47.3,0.0,33.3,2.8,0.1,2.8,425.0,20.499206349206347,0.0
-0.7,38.2,0.1,37.8,5.0,0.2,5.0,798.0,26.356150793650794,0.0
-0.5,46.4,0.0,31.1,3.4,0.1,3.4,478.0,21.009325396825396,0.0
-0.5,47.3,0.0,35.7,2.8,0.1,2.8,442.0,21.382539682539683,0.0
-0.6,43.4,0.0,26.9,3.7,0.1,3.7,548.0,19.759027777777774,0.0
-0.5,47.3,0.0,37.2,3.6,0.1,3.6,461.0,22.524206349206352,0.0
-0.3,52.1,0.1,25.6,6.7,0.2,6.7,428.0,24.577876984126984,0.0
-0.4,48.8,0.0,33.3,1.5,0.0,1.5,414.0,20.783035714285713,0.0
-0.8,41.1,0.0,31.0,4.1,0.2,4.1,614.0,19.767757936507937,0.0
-0.4,45.1,0.0,28.0,3.9,0.1,3.9,534.0,22.216765873015873,0.0
-0.5,43.1,0.0,25.9,3.6,0.1,3.6,573.0,20.815873015873017,0.0
-0.9,40.4,0.0,35.6,4.1,0.2,4.1,626.0,19.992757936507935,0.0
-0.8,42.9,0.0,31.4,3.8,0.1,3.8,540.0,18.717658730158732,0.0
-1.1,37.3,0.1,35.9,6.1,0.3,6.1,846.0,23.208630952380947,0.0
-0.4,47.4,0.0,31.8,3.5,0.1,3.5,472.0,22.319146825396825,0.0
-0.3,49.6,0.0,37.5,2.9,0.1,2.9,420.0,23.932837301587302,0.0
-0.6,41.9,0.1,33.3,6.4,0.2,6.4,685.0,25.796031746031744,0.0
-0.5,46.9,0.0,21.4,2.1,0.1,2.1,444.0,17.375694444444445,0.0
-0.6,42.0,0.0,19.6,3.5,0.1,3.5,596.0,18.37152777777778,0.0
-0.3,46.5,0.0,27.7,3.3,0.1,3.3,499.0,22.470932539682536,0.0
-0.5,42.2,0.0,38.6,3.7,0.1,3.7,600.0,24.33640873015873,0.0
-2.5,33.6,0.1,40.2,7.0,0.3,7.0,944.0,11.7625,0.0
-0.5,44.2,0.0,40.0,3.1,0.1,3.1,525.0,23.456051587301587,0.0
-0.4,50.5,0.1,25.0,5.9,0.2,5.9,439.0,22.87549603174603,0.0
-0.5,47.8,0.0,34.2,2.8,0.1,2.8,432.0,20.93015873015873,0.0
0.0,50.3,0.2,32.2,15.6,0.6,15.6,712.0,39.75714285714285,0.0
-0.5,45.0,0.0,41.7,3.2,0.1,3.2,505.0,23.7468253968254,0.0
-0.5,41.7,0.0,36.2,3.3,0.1,3.3,607.0,23.538789682539687,0.0
-0.4,43.2,0.1,36.2,5.2,0.2,5.2,627.0,27.111507936507937,0.0
-0.5,48.3,0.0,32.5,2.9,0.1,2.9,418.0,20.417361111111113,0.0
-0.5,41.8,0.1,32.8,5.0,0.2,5.0,656.0,25.38234126984127,0.0
-0.3,52.5,0.1,23.1,7.6,0.2,7.6,430.0,24.56388888888889,0.0
-0.5,44.6,0.1,30.9,6.6,0.2,6.6,598.0,25.340674603174605,0.0
-0.6,41.8,0.0,36.2,4.1,0.2,4.1,612.0,23.159424603174603,0.0
-0.5,43.1,0.0,35.2,3.6,0.1,3.6,569.0,23.074206349206353,0.0
-0.6,43.2,0.1,37.0,4.4,0.2,4.4,581.0,24.09484126984127,0.0
-0.5,41.4,0.0,32.2,3.3,0.1,3.3,620.0,22.70188492063492,0.0
-0.4,42.9,0.1,33.9,5.1,0.2,5.1,633.0,26.526686507936507,0.0
-0.5,43.9,0.1,26.3,6.4,0.2,6.4,622.0,24.3531746031746,0.0
-0.5,45.0,0.0,37.5,3.2,0.1,3.2,506.0,22.713492063492065,0.0
-0.5,46.4,0.0,45.5,2.7,0.1,2.7,428.0,23.38224206349206,0.0
-0.5,44.2,0.0,31.4,3.8,0.1,3.8,538.0,21.916468253968254,0.0
-0.3,52.5,0.1,38.5,7.6,0.2,7.6,436.0,28.513888888888886,0.0
-0.4,49.4,0.1,31.0,5.6,0.2,5.6,457.0,24.31031746031746,0.0
-2.2,34.2,0.1,36.8,7.0,0.3,7.0,497.0,6.5696428571428545,0.0
-0.6,41.2,0.1,37.7,4.4,0.2,4.4,647.0,25.012698412698413,0.0
-0.5,47.8,0.0,41.5,2.8,0.1,2.8,435.0,22.805158730158727,0.0
-0.6,45.8,0.0,45.7,4.2,0.1,4.2,487.0,24.152182539682542,0.0
-0.4,38.3,0.1,38.5,5.2,0.2,5.2,833.0,30.24484126984127,0.0
-1.8,36.2,0.1,35.3,4.9,0.2,4.9,723.0,13.067757936507936,0.0
-0.6,40.0,0.0,37.5,3.8,0.1,3.8,673.0,23.941468253968253,0.0
0.0,0.4,1.6,44.3,70.9,21.8,55.4,1480.0,100.29156746031747,1.0
0.0,0.4,0.5,39.4,68.5,23.6,53.6,2415.0,105.53323412698413,1.0
0.0,0.4,0.7,54.5,78.9,30.2,34.7,3472.0,131.69990079365078,1.0
0.0,0.3,1.4,46.8,78.7,21.4,52.6,4772.0,155.55843253968254,1.0
0.0,0.4,0.5,69.6,70.6,29.1,33.0,16598.0,348.79226190476186,1.0
0.0,0.3,0.4,54.2,82.6,18.6,33.7,2020.0,97.7577380952381,1.0
0.0,0.4,2.6,53.3,63.8,27.2,48.7,3620.0,146.39781746031747,1.0
0.0,0.4,0.7,54.2,74.5,36.0,49.9,1593.0,106.7610119047619,1.0
0.0,0.4,0.5,29.2,82.5,19.9,33.7,1888.0,91.03045634920635,1.0
0.0,0.3,0.3,56.2,80.9,14.3,44.6,7684.0,191.03204365079364,1.0
0.0,0.7,1.8,32.6,73.9,63.7,63.7,2036.0,140.46319444444444,1.0
0.0,0.5,0.7,53.5,69.2,39.9,42.7,7732.0,208.17261904761904,1.0
0.0,0.4,1.5,44.1,82.6,18.5,31.5,2600.0,113.46448412698413,1.0
0.0,0.3,0.3,55.1,63.9,11.9,23.4,1721.0,79.09454365079365,1.0
0.0,0.6,1.2,55.4,64.1,37.6,53.7,1610.0,110.3578373015873,1.0
0.0,0.4,0.5,67.6,84.8,19.3,35.3,1010.0,86.69920634920634,1.0
0.0,0.4,0.7,55.9,87.6,30.3,40.5,1928.0,110.5547619047619,1.0
0.0,0.3,0.4,55.5,70.9,19.0,29.8,6081.0,161.41259920634923,1.0
0.0,0.4,0.5,61.0,81.0,18.1,32.8,1774.0,95.13670634920635,1.0
0.0,0.3,0.4,62.7,74.4,16.1,27.1,2802.0,106.96746031746032,1.0
0.0,0.3,0.4,57.9,68.6,14.5,27.2,8096.0,191.10218253968253,1.0
0.0,0.5,0.8,45.8,66.0,32.1,44.1,1860.0,103.14761904761906,1.0
0.0,0.4,0.5,76.7,83.7,22.4,35.4,1860.0,104.97490079365079,1.0
0.0,0.2,0.2,72.5,78.3,13.9,19.2,10074.0,226.64890873015872,1.0
0.0,0.6,1.1,81.8,86.6,46.5,52.4,2920.0,150.84464285714284,1.0
0.0,0.6,1.1,83.2,85.5,40.2,53.4,2260.0,135.72589285714287,1.0
0.0,0.4,0.4,60.6,67.6,16.1,29.6,3150.0,110.76031746031745,1.0
0.0,0.5,0.7,43.7,50.8,30.5,41.4,3040.0,114.91984126984127,1.0
0.0,0.5,2.8,76.0,80.2,31.7,42.2,3330.0,155.54900793650793,1.0
0.0,0.2,1.0,68.1,76.6,10.8,19.7,1717.0,90.37321428571428,1.0
0.0,0.2,1.1,63.0,80.8,12.5,18.5,6209.0,166.99126984126983,1.0
0.0,0.4,2.3,62.0,75.0,31.9,40.1,9907.0,255.4700396825397,1.0
0.0,0.6,3.3,71.9,79.6,48.5,55.7,1560.0,144.0626984126984,1.0
0.0,0.3,1.0,82.3,89.4,17.9,45.3,1230.0,101.15496031746032,1.0
0.0,0.3,1.7,79.8,80.7,13.0,36.6,1120.0,96.23343253968254,1.0
0.0,0.3,1.1,67.1,72.8,16.7,60.4,1192.0,95.30912698412698,1.0
0.0,0.4,1.2,50.4,71.2,17.3,73.9,1192.0,95.27698412698413,1.0
0.0,0.2,1.2,73.8,75.7,8.3,50.9,1090.0,88.79751984126985,1.0
0.0,0.3,0.9,83.2,84.9,22.8,52.8,1240.0,104.58482142857143,1.0
0.0,0.4,1.0,74.5,74.5,22.6,69.9,1190.0,103.31378968253968,1.0
0.0,0.5,1.0,82.2,82.5,23.6,76.6,1165.0,109.7094246031746,1.0
0.0,0.3,2.0,57.3,67.6,14.7,49.1,1165.0,94.0702380952381,1.0
0.0,0.3,1.6,35.8,74.5,15.1,63.0,1193.0,91.73759920634922,1.0
0.0,0.4,0.9,23.6,81.0,24.1,40.6,1260.0,86.6700396825397,1.0
0.0,0.4,0.7,64.6,72.4,24.8,32.0,1000.0,86.56865079365079,1.0
0.0,0.4,0.7,41.8,77.5,14.1,39.7,960.0,76.29017857142857,1.0
0.0,0.5,1.2,64.7,74.5,24.8,52.3,1145.0,98.92609126984127,1.0
0.0,0.4,1.6,62.6,81.0,18.4,46.5,1410.0,102.27003968253968,1.0
0.0,0.3,1.5,64.9,72.4,8.8,59.5,1378.0,95.35634920634922,1.0
0.0,0.3,1.1,67.2,79.5,15.2,42.1,1164.0,91.34454365079367,1.0
0.0,0.5,0.8,65.5,67.3,38.8,28.4,1380.0,101.20664682539682,1.0
0.0,0.4,1.6,52.8,73.9,19.1,23.2,1560.0,94.7624007936508,1.0
0.0,0.6,1.5,59.2,57.9,48.4,26.3,1263.0,106.73700396825396,1.0
0.0,0.8,0.8,59.0,62.2,61.4,31.7,1020.0,108.5609126984127,1.0
0.0,0.6,0.0,41.1,74.9,22.9,14.8,1090.0,71.55783730158731,1.0
0.0,0.6,0.1,26.6,62.8,33.7,31.4,767.0,71.2515873015873,1.0
0.0,0.8,0.3,43.7,57.7,31.0,34.5,698.0,73.38521825396825,1.0
0.0,0.8,0.3,38.0,59.8,51.4,40.9,1000.0,93.41646825396825,1.0
0.0,0.6,1.0,29.6,62.7,15.4,44.4,929.0,72.71200396825397,1.0
0.0,0.8,0.7,30.8,61.0,24.5,25.5,1321.0,78.14424603174604,1.0
0.0,0.5,0.7,41.7,62.4,16.5,35.5,1190.0,76.0142857142857,1.0
0.0,0.4,0.5,24.2,74.0,10.6,38.6,800.0,63.75753968253969,1.0
0.0,0.5,0.7,59.7,62.4,16.9,32.0,1321.0,82.10039682539683,1.0
0.0,0.7,0.1,38.7,50.7,16.7,43.3,1170.0,68.39930555555556,1.0
0.0,0.6,0.9,31.0,63.2,14.4,36.3,1020.0,71.18214285714286,1.0
0.0,0.7,0.5,17.5,69.7,23.5,17.7,1170.0,70.69236111111111,1.0
0.0,0.6,0.7,16.9,52.7,11.4,27.7,900.0,56.47589285714285,1.0
0.0,0.5,0.5,27.1,56.9,9.2,32.6,1200.0,63.35109126984127,1.0
0.0,0.4,0.3,23.2,58.4,5.0,22.3,1420.0,59.33531746031747,1.0
0.0,0.5,0.7,20.8,51.2,13.0,40.5,660.0,57.275396825396825,1.0
0.0,0.5,0.6,28.1,36.4,13.0,38.2,513.0,50.617063492063494,1.0
0.0,0.7,0.6,23.0,32.1,22.1,61.0,435.0,58.75347222222222,1.0
0.0,0.6,0.9,22.0,70.9,17.8,48.7,520.0,68.46617063492064,1.0
0.0,0.5,0.7,31.9,48.6,16.2,42.3,980.0,67.24345238095238,1.0
0.0,0.6,0.2,22.3,35.1,21.2,24.4,852.0,53.33978174603175,1.0
0.0,0.4,0.5,40.8,37.3,10.2,32.4,1010.0,58.11101190476191,1.0
0.0,0.4,0.5,27.1,47.4,10.1,32.1,496.0,49.1311507936508,0.0
0.0,0.6,0.9,30.4,33.0,18.2,28.2,570.0,54.70853174603174,1.0
0.0,0.5,0.4,33.8,44.6,6.6,28.8,858.0,51.893452380952375,1.0
0.0,0.3,0.3,33.2,51.0,7.5,22.5,394.0,44.19107142857143,0.0
0.0,0.3,0.2,34.5,51.6,5.7,17.9,822.0,48.60357142857143,0.0
0.0,0.6,0.5,22.2,63.1,7.1,31.6,566.0,51.806448412698415,1.0
0.0,0.6,0.7,37.3,63.8,9.5,40.9,722.0,64.05853174603175,1.0
0.0,0.4,0.3,35.8,59.4,5.7,24.7,733.0,52.433928571428574,1.0
0.0,0.5,0.7,23.6,53.7,15.4,41.6,815.0,63.28164682539683,1.0
0.0,0.5,0.4,44.6,61.2,4.9,26.9,955.0,59.742063492063494,1.0
0.0,0.5,0.5,44.3,54.9,7.6,31.6,727.0,57.78164682539683,1.0
0.0,0.7,0.7,39.4,47.6,12.9,29.1,536.0,55.849999999999994,1.0
0.0,0.8,0.0,54.5,53.7,27.4,26.7,550.0,65.4185515873016,1.0
0.0,0.6,0.7,46.8,61.2,9.6,41.6,795.0,67.08214285714286,1.0
0.0,0.5,0.5,39.6,54.9,6.4,32.5,659.0,54.86498015873016,1.0
0.0,0.5,0.4,23.2,58.1,4.8,26.2,617.0,47.54553571428571,0.0
0.0,0.7,0.2,23.3,60.8,19.0,35.6,765.0,61.46111111111111,1.0
0.0,0.7,0.2,44.2,51.6,16.8,33.5,688.0,60.475,1.0
0.0,0.6,0.5,29.2,54.8,7.8,40.4,679.0,55.53214285714286,1.0
0.0,0.7,0.1,44.2,35.0,14.6,28.6,799.0,53.551388888888894,1.0
0.0,0.5,0.5,32.6,33.9,7.4,35.3,709.0,48.78025793650794,0.0
0.0,0.5,0.5,23.5,27.1,8.9,27.6,612.0,41.88025793650793,0.0
0.0,0.7,0.1,24.1,45.1,12.8,35.6,809.0,52.34930555555556,1.0
0.0,0.6,0.2,34.4,24.1,13.4,39.9,799.0,50.50228174603174,1.0
1.09,39.9,0.3,60.2,27.1,1.0,25.8,560.0,60.521527777777784,1.0
0.09,42.1,0.2,53.6,15.1,0.5,13.9,462.0,39.72549603174603,0.0
0.39,37.0,0.3,66.8,25.4,1.0,24.1,585.0,54.1140873015873,1.0
1.04,39.3,0.6,71.2,39.6,1.6,38.1,520.0,71.89563492063492,1.0
0.54,34.2,0.3,46.6,21.5,0.9,20.2,754.0,50.617559523809526,1.0
0.23,37.3,0.2,58.5,14.3,0.5,13.1,615.0,43.59335317460317,0.0
-0.52,32.5,0.3,57.3,23.5,1.0,22.3,662.0,42.0750992063492,0.0
-0.63,31.7,0.3,49.7,22.5,0.9,21.3,738.0,39.566964285714285,0.0
0.24,52.2,0.1,52.8,14.4,0.4,12.8,320.0,39.065873015873024,0.0
1.21,37.8,0.5,60.9,32.0,1.4,31.2,614.0,67.24722222222222,1.0
0.37,45.4,0.1,55.3,14.2,0.4,12.3,426.0,41.35575396825397,0.0
1.57,39.0,0.5,62.2,35.6,1.5,34.4,591.0,72.99761904761904,1.0
0.02,41.0,0.2,77.2,16.1,0.5,14.5,472.0,45.35823412698413,0.0
1.04,40.7,0.3,62.2,22.3,0.8,20.4,567.0,57.792162698412696,1.0
-0.57,31.5,0.1,63.1,13.1,0.5,12.1,790.0,37.16597222222222,0.0
-0.27,32.8,0.3,50.0,21.2,0.9,20.0,710.0,42.240476190476194,0.0
-3.61,65.7,1.4,45.2,60.0,4.0,66.0,1300.0,58.293253968253964,1.0
-0.66,89.7,3.7,40.1,79.2,8.4,83.3,1267.0,122.80119047619047,1.0
-1.2,65.6,0.7,49.0,44.6,1.8,48.6,1150.0,64.30178571428571,1.0
-3.25,65.3,1.1,54.1,55.3,3.6,61.8,1410.0,60.58363095238094,1.0
-7.42,43.6,0.7,44.0,40.3,2.6,47.7,1564.0,2.810019841269849,0.0
-1.63,81.1,2.3,69.7,70.3,6.2,78.1,1220.0,100.9064484126984,1.0
-5.48,50.9,0.7,58.3,41.7,2.6,50.2,1445.0,26.16775793650794,0.0
-5.61,45.4,0.6,49.9,38.8,2.1,46.0,1595.0,21.14880952380952,0.0
-8.19,37.2,0.4,54.0,29.6,1.7,35.3,1110.0,-20.668253968253964,0.0
-7.61,36.4,0.5,46.6,36.0,1.8,39.3,1755.0,-2.208333333333325,0.0
-7.66,42.5,0.6,44.1,36.9,2.3,43.2,1260.0,-8.057242063492065,0.0
-4.64,69.5,1.7,53.3,63.6,5.7,71.4,1490.0,60.01904761904761,1.0
-5.15,52.7,0.7,50.6,43.4,2.7,49.2,1520.0,29.464880952380955,0.0
-6.43,53.9,0.9,40.8,49.4,3.4,55.1,1670.0,22.431944444444447,0.0
-5.71,51.7,0.8,41.2,43.8,2.8,50.9,1870.0,28.62242063492064,0.0
-3.5,69.0,1.4,57.5,58.8,5.0,67.1,1760.0,71.31865079365079,1.0
-3.05,47.4,0.4,47.7,29.3,1.3,34.0,1500.0,36.78164682539683,0.0
-4.32,80.7,3.0,55.7,75.6,11.0,81.6,1350.0,84.29960317460316,1.0
-6.86,49.7,0.8,49.6,43.9,3.0,52.1,1235.0,8.752083333333323,0.0
-3.95,50.1,0.5,29.7,36.8,1.8,40.7,1830.0,34.463095238095235,0.0
-2.09,66.9,1.0,48.3,51.7,3.0,58.6,3180.0,97.34434523809523,1.0
-1.28,79.4,1.8,53.3,68.2,4.1,71.8,437.0,79.09662698412697,1.0
-2.78,64.1,1.1,49.0,54.2,3.0,61.2,343.0,45.10059523809524,0.0
-3.83,48.1,0.5,42.5,33.3,1.6,39.0,519.0,14.99831349206349,0.0
-6.46,38.3,0.4,58.6,27.4,1.4,34.3,453.0,-14.117658730158738,0.0
-4.61,52.6,0.8,53.9,46.9,2.6,53.9,1340.0,35.704662698412704,0.0
-2.83,82.0,3.0,39.1,75.5,9.2,80.0,1568.0,97.23382936507934,1.0
-2.82,43.6,0.3,49.6,28.2,0.8,26.5,1160.0,29.812103174603177,0.0
-3.73,65.2,1.2,51.0,56.8,4.0,62.7,1380.0,56.295634920634924,1.0
-5.94,58.3,1.2,49.2,55.5,4.3,63.2,1589.0,35.92390873015872,0.0
-3.82,73.3,1.8,52.4,65.7,6.3,72.6,1147.0,65.16220238095238,1.0
-5.84,50.1,0.7,45.5,42.2,2.6,48.3,1480.0,19.48948412698413,0.0
-6.25,38.7,0.4,35.7,32.7,1.6,37.0,1610.0,4.082242063492064,0.0
-9.82,26.3,0.2,61.2,19.9,1.0,23.1,1113.0,-45.29871031746032,0.0
-7.58,30.2,0.3,45.8,30.9,1.3,31.6,1785.0,-8.248115079365078,0.0
-6.24,64.3,1.4,41.4,59.7,5.4,66.3,1280.0,31.41339285714286,0.0
-6.06,58.3,1.1,37.8,52.2,4.0,59.1,1540.0,27.9593253968254,0.0
-3.6,50.1,0.5,41.0,38.1,1.8,40.0,1495.0,35.4360119047619,0.0
-4.26,53.5,0.8,42.1,47.8,2.5,51.4,1660.0,41.335515873015865,0.0
-4.4,53.0,0.7,48.1,44.2,2.4,50.8,1850.0,42.335119047619045,0.0
-0.52,88.9,3.7,32.0,79.2,9.9,82.8,1740.0,130.83333333333334,1.0
-0.82,77.5,1.5,31.0,60.7,4.2,66.0,1505.0,89.35803571428573,1.0
-2.95,80.8,2.7,40.5,73.8,8.9,78.9,1343.0,88.90496031746031,1.0
-6.06,55.0,0.9,38.6,48.8,3.5,56.1,1240.0,18.743650793650794,0.0
-3.77,57.2,0.8,48.6,45.4,2.6,52.0,1840.0,50.9906746031746,1.0
-1.83,73.5,1.4,41.4,60.6,4.1,66.0,3215.0,108.70972222222223,1.0
-2.8,64.1,1.0,26.8,53.7,2.9,56.3,424.0,38.41656746031746,0.0
-4.91,48.2,0.6,23.3,40.8,2.2,44.6,326.0,1.1932539682539636,0.0
-2.52,55.2,0.5,45.7,37.0,1.6,43.1,505.0,32.114087301587304,0.0
-3.47,48.1,0.4,21.2,31.5,1.4,35.1,432.0,9.313591269841268,0.0
-4.44,41.3,0.3,54.9,26.1,1.2,32.1,564.0,5.614583333333329,0.0
-7.26,44.2,0.6,52.9,37.9,2.4,45.6,489.0,-13.42172619047619,0.0
-2.87,52.8,0.5,43.2,37.7,1.7,41.0,1640.0,46.24037698412698,0.0
-5.0,55.8,0.8,38.7,45.1,3.1,51.5,1850.0,36.26081349206349,0.0
-2.42,57.1,0.6,43.4,39.3,1.9,45.3,489.0,34.92212301587301,0.0
-6.11,40.1,0.5,47.5,32.8,1.7,38.9,536.0,-7.80873015873016,0.0
-4.97,53.4,0.7,55.3,44.6,2.7,51.6,615.0,18.45654761904762,0.0
-7.17,70.8,1.9,45.2,66.2,8.1,73.0,485.0,20.722023809523797,0.0
-7.18,56.8,1.1,38.2,55.0,4.3,59.5,406.0,-1.1251984126984125,0.0
-4.92,45.4,0.5,57.6,33.0,1.7,39.9,437.0,6.225198412698413,0.0
-6.1,47.2,0.6,51.9,36.3,2.3,44.2,429.0,-3.4554563492063464,0.0
-3.48,66.0,1.2,47.1,55.2,4.1,62.5,483.0,42.53293650793651,0.0
-6.75,35.4,0.4,42.9,27.8,1.4,32.5,444.0,-21.935515873015873,0.0
-3.89,49.1,0.5,49.7,34.7,1.7,41.5,494.0,17.0921626984127,0.0
-4.85,49.8,0.6,37.2,37.4,2.2,43.4,1550.0,24.59146825396825,0.0
-2.39,55.5,0.5,48.5,36.4,1.7,43.4,1265.0,46.79126984126984,0.0
-3.42,57.3,0.7,29.2,43.1,2.5,48.8,1320.0,38.5703373015873,0.0
-5.3,38.9,0.3,41.8,25.6,1.2,29.8,1555.0,9.096428571428568,0.0
-2.1,66.2,1.0,39.1,49.9,3.0,56.8,1330.0,62.97351190476191,1.0
-3.51,49.5,0.5,40.2,34.2,1.7,38.9,1410.0,33.04900793650794,0.0
-3.46,55.3,0.7,37.4,40.2,2.3,46.6,1205.0,36.35138888888889,0.0
-2.83,56.7,0.6,39.1,39.8,2.2,46.2,1180.0,41.781944444444434,0.0
-2.69,48.7,0.4,30.9,29.2,1.3,32.2,1363.0,33.64920634920635,0.0
-2.6,53.3,0.5,49.0,39.9,1.7,41.0,1280.0,45.167162698412696,0.0
-3.11,45.9,0.3,46.9,28.8,1.2,31.6,1305.0,30.804761904761904,0.0
-2.71,64.9,1.0,26.3,50.8,3.1,55.9,543.0,40.45039682539682,0.0
-5.85,61.4,1.2,30.1,56.7,4.5,61.3,492.0,14.358035714285714,0.0
-3.81,45.4,0.4,44.5,30.9,1.4,34.4,1630.0,30.86061507936508,0.0
-3.77,70.6,1.5,23.1,61.3,5.5,66.1,1800.0,62.6828373015873,1.0
-3.67,55.8,0.7,49.2,42.4,2.5,49.7,465.0,26.558730158730157,0.0
-6.43,47.1,0.7,44.3,40.9,2.5,47.6,506.0,-4.130257936507929,0.0
-4.7,54.4,0.7,41.0,46.1,2.7,50.5,589.0,17.520535714285714,0.0
-5.25,39.7,0.4,35.0,28.7,1.3,32.2,414.0,-8.50585317460317,0.0
-4.7,62.5,1.3,28.1,57.5,4.2,62.4,424.0,25.57113095238095,0.0
-5.35,50.5,0.6,40.5,45.5,2.4,45.8,490.0,6.1449404761904844,0.0
-1.59,72.4,1.3,25.4,60.5,3.7,61.6,442.0,58.45426587301587,1.0
-3.79,63.7,1.1,51.3,56.9,3.8,60.9,500.0,39.44513888888889,0.0
-5.76,39.9,0.4,38.3,36.6,1.6,36.1,469.0,-8.176388888888885,0.0
-3.46,56.8,0.7,56.6,46.8,2.4,51.4,509.0,33.15119047619048,0.0
-5.74,48.6,0.6,39.1,39.5,2.3,44.0,1560.0,16.994543650793645,0.0
-3.07,53.1,0.5,48.5,40.2,1.8,43.6,1355.0,42.36964285714286,0.0
-3.83,63.0,1.1,45.6,55.7,3.7,59.4,1263.0,49.392361111111114,0.0
-3.57,50.9,0.5,25.4,46.4,1.8,39.7,1565.0,35.66428571428572,0.0
-3.87,59.1,0.9,44.9,48.5,3.1,54.2,1310.0,43.27093253968253,0.0
-4.33,43.3,0.4,43.6,42.1,1.4,33.1,1340.0,23.402281746031747,0.0
-1.44,67.0,0.9,35.9,52.6,2.5,53.4,1260.0,66.56289682539683,1.0
-1.03,70.9,1.0,56.2,56.5,2.9,59.5,1207.0,79.40585317460318,1.0
-2.97,48.1,0.4,30.9,36.7,1.3,32.9,1323.0,32.59414682539682,0.0
-1.31,65.9,0.8,46.7,48.3,2.4,52.5,1245.0,67.64494047619047,1.0
-2.01,57.9,0.6,51.9,39.3,1.9,45.2,1020.0,50.11498015873016,1.0
